<root>
	<material name="color">
		<sort id="1" name="金属色"/>
		<sort id="2" name="木色"/>
		<item sort="1" name="色系1" source="./ihouse/img/MD_3D_color1.jpg"/>
		<item sort="2" name="色系2" source="./ihouse/img/MD_3D_color2.jpg"/>
		<item sort="3" name="色系3" source="./ihouse/img/MD_3D_color3.jpg"/>
		<item sort="4" name="色系4" source="./ihouse/img/MD_3D_color4.jpg"/>
		<item sort="5" name="色系5" source="./ihouse/img/MD_3D_color5.jpg"/>
		<item sort="6" name="色系6" source="./ihouse/img/MD_3D_color6.jpg"/>
		<item sort="7" name="色系7" source="./ihouse/img/MD_3D_color7.jpg"/>
	</material>
	<material name="glass">
		<sort id="1" name="复古"/>
		<sort id="2" name="时尚"/>
		<sort id="3" name="马赛克"/>
		<item sort="1" name="玻璃1" source="./ihouse/img/MD_3D_glass11.png"/>
		<item sort="2" name="玻璃2" source="./ihouse/img/MD_3D_glass2.png"/>
		<item sort="2" name="玻璃3" source="./ihouse/img/MD_3D_glass33.png"/>
		<item sort="2" name="玻璃4" source="./ihouse/img/MD_3D_glass1.png"/>
		<item sort="2" name="玻璃5" source="./ihouse/img/MD_3D_glass5.png"/>
		<item sort="2" name="玻璃6" source="./ihouse/img/MD_3D_glass66.png"/>
		<item sort="2" name="玻璃7" source="./ihouse/img/MD_3D_glass77.png"/>
	</material>
	<material name="frame">
		<sort id="1" name="经典"/>
		<sort id="2" name="现代"/>
		<item sort="1" name="门套1"  source="./ihouse/img/MD_3D_pocket1.png"/>
		<item sort="2" name="门套2"  source="./ihouse/img/MD_3D_pocket2.png"/>
	</material>
	<material name="lock">
		<sort id="1" name="经典"/>
		<sort id="2" name="现代"/>
		<item sort="1" name="锁1" source="./ihouse/img/MD_3D_lock1.png"/>
		<item sort="2" name="锁2" source="./ihouse/img/MD_3D_lock2.png"/>
		<item sort="1" name="锁3" source="./ihouse/img/MD_3D_lock3.png"/>
		<item sort="1" name="锁4" source="./ihouse/img/MD_3D_lock4.png"/>
		<item sort="1" name="锁5" source="./ihouse/img/MD_3D_lock5.png"/>
		<item sort="1" name="锁6" source="./ihouse/img/MD_3D_lock5.png"/>
		<item sort="1" name="锁7" source="./ihouse/img/MD_3D_lock7.png"/>
	</material>
	<material name="handle">
		<sort id="1" name="金属色"/>
		<sort id="2" name="木色"/>
		<item sort="1" name="拉手"  source="./ihouse/img/MD_3D_hand1.png"/>
		<item sort="2" name="执手"  source="./ihouse/img/MD_3D_hand2.png"/>
	</material>
	<material name="stone">
		<sort id="1" name="经典"/>
		<sort id="2" name="现代"/>
		<item sort="1" name="大理石"  source="./ihouse/img/MD_3D_stone1.jpg"/>
		<item sort="2" name="瓷砖" source="./ihouse/img/MD_3D_stone2.jpg"/>
	</material>
</root>