﻿043E01F1-1831-1D9E-80F6-7D6D01B8C7AC,1cEA186A2D0E3E9ADC2\123.jpg,1005,灯,壁灯,A105,80,台,120,这个外观还不错
043E01F1-1831-1D9E-80F6-7D6D01B8C7AC,2cEA186A2D0E3E9ADC2\123.jpg,1005,灯,壁灯,A105,80,台,120,这个外观还不错
043E01F1-1831-1D9E-80F6-7D6D01B8C7AC,3cEA186A2D0E3E9ADC2\123.jpg,1005,灯,壁灯,A105,80,台,120,这个外观还不错
043E01F1-1831-1D9E-80F6-7D6D01B8C7AC,4cEA186A2D0E3E9ADC2\123.jpg,1005,灯,壁灯,A105,80,台,120,这个外观还不错
043E01F1-1831-1D9E-80F6-7D6D01B8C7AC,5cEA186A2D0E3E9ADC2\123.jpg,1005,灯,壁灯,A105,80,台,120,这个外观还不错
043E01F1-1831-1D9E-80F6-7D6D01B8C7AC,6cEA186A2D0E3E9ADC2\123.jpg,1005,灯,壁灯,A105,80,台,120,这个外观还不错
043E01F1-1831-1D9E-80F6-7D6D01B8C7AC,7cEA186A2D0E3E9ADC2\123.jpg,1005,灯,壁灯,A105,80,台,120,这个外观还不错
043E01F1-1831-1D9E-80F6-7D6D01B8C7AC,8cEA186A2D0E3E9ADC2\123.jpg,1005,灯,壁灯,A105,80,台,120,这个外观还不错
043E01F1-1831-1D9E-80F6-7D6D01B8C7AC,9cEA186A2D0E3E9ADC2\123.jpg,1005,灯,壁灯,A105,80,台,120,这个外观还不错
043E01F1-1831-1D9E-80F6-7D6D01B8C7AC,10cEA186A2D0E3E9ADC2\123.jpg,1005,灯,壁灯,A105,80,台,120,这个外观还不错
043E01F1-1831-1D9E-80F6-7D6D01B8C7AC,11cEA186A2D0E3E9ADC2\123.jpg,1005,灯,壁灯,A105,80,台,120,这个外观还不错
043E01F1-1831-1D9E-80F6-7D6D01B8C7AC,12cEA186A2D0E3E9ADC2\123.jpg,1005,灯,壁灯,A105,80,台,120,这个外观还不错
043E01F1-1831-1D9E-80F6-7D6D01B8C7AC,13cEA186A2D0E3E9ADC2\123.jpg,1005,灯,壁灯,A105,80,台,120,这个外观还不错
043E01F1-1831-1D9E-80F6-7D6D01B8C7AC,14cEA186A2D0E3E9ADC2\123.jpg,1005,灯,壁灯,A105,80,台,120,这个外观还不错
043E01F1-1831-1D9E-80F6-7D6D01B8C7AC,15cEA186A2D0E3E9ADC2\123.jpg,1005,灯,壁灯,A105,80,台,120,这个外观还不错
043E01F1-1831-1D9E-80F6-7D6D01B8C7AC,16cEA186A2D0E3E9ADC2\123.jpg,1005,灯,壁灯,A105,80,台,120,这个外观还不错
043E01F1-1831-1D9E-80F6-7D6D01B8C7AC,17cEA186A2D0E3E9ADC2\123.jpg,1005,灯,壁灯,A105,80,台,120,这个外观还不错
043E01F1-1831-1D9E-80F6-7D6D01B8C7AC,18cEA186A2D0E3E9ADC2\123.jpg,1005,灯,壁灯,A105,80,台,120,这个外观还不错
043E01F1-1831-1D9E-80F6-7D6D01B8C7AC,19cEA186A2D0E3E9ADC2\123.jpg,1005,灯,壁灯,A105,80,台,120,这个外观还不错
043E01F1-1831-1D9E-80F6-7D6D01B8C7AC,20cEA186A2D0E3E9ADC2\123.jpg,1005,灯,壁灯,A105,80,台,120,这个外观还不错
